{
  "name": "marinebiogroup-website",
  "version": "1.0.0",
  "description": "MarineBioGroup - Marine nano-fiber technology website",
  "type": "module",
  "scripts": {
    "dev": "NODE_ENV=development tsx server/index.ts",
    "build": "vite build",
    "preview": "vite preview"
  },
  "dependencies": {
    "@hookform/resolvers": "^3.9.1", 
    "@radix-ui/react-dialog": "^1.1.2",
    "@radix-ui/react-dropdown-menu": "^2.1.2",
    "@radix-ui/react-label": "^2.1.0",
    "@radix-ui/react-select": "^2.1.2",
    "@radix-ui/react-slot": "^1.1.0",
    "@radix-ui/react-toast": "^1.2.2",
    "@tanstack/react-query": "^5.59.16",
    "@types/express": "^5.0.0",
    "@types/node": "^22.9.0",
    "@types/pg": "^8.11.10",
    "@types/react": "^18.3.12",
    "@types/react-dom": "^18.3.1",
    "@vitejs/plugin-react": "^4.3.3",
    "autoprefixer": "^10.4.20",
    "class-variance-authority": "^0.7.0",
    "clsx": "^2.1.1",
    "drizzle-kit": "^0.30.0",
    "drizzle-orm": "^0.38.2",
    "drizzle-zod": "^0.5.1",
    "express": "^4.21.1",
    "framer-motion": "^11.11.17",
    "lucide-react": "^0.468.0",
    "pg": "^8.13.1",
    "postcss": "^8.4.49",
    "react": "^18.3.1",
    "react-dom": "^18.3.1",
    "react-hook-form": "^7.53.2",
    "tailwind-merge": "^2.5.4",
    "tailwindcss": "^3.4.14",
    "tailwindcss-animate": "^1.0.7",
    "tsx": "^4.19.2",
    "typescript": "^5.6.3",
    "vite": "^5.4.10",
    "wouter": "^3.3.5",
    "zod": "^3.23.8"
  }
}