{
  "name": "marinebiogroup-website",
  "version": "1.0.0",
  "type": "module",
  "license": "MIT",
  "scripts": {
    "dev": "NODE_ENV=development tsx server/index.ts",
    "build": "npm run build:client && npm run build:server",
    "build:client": "vite build --outDir dist/public",
    "build:server": "esbuild server/index.ts --bundle --platform=node --target=node18 --outfile=dist/index.js --external:pg-native --external:@neondatabase/serverless",
    "start": "NODE_ENV=production node dist/index.js",
    "check": "tsc",
    "db:push": "drizzle-kit push"
  },
  "dependencies": {
    "@hookform/resolvers": "^3.10.0",
    "@neondatabase/serverless": "^0.10.4",
    "@radix-ui/react-accordion": "^1.2.4",
    "@radix-ui/react-alert-dialog": "^1.1.7",
    "@radix-ui/react-aspect-ratio": "^1.1.3",
    "@radix-ui/react-avatar": "^1.1.4",
    "@radix-ui/react-checkbox": "^1.1.5",
    "@radix-ui/react-collapsible": "^1.1.4",
    "@radix-ui/react-context-menu": "^2.2.7",
    "@radix-ui/react-dialog": "^1.1.14",
    "@radix-ui/react-dropdown-menu": "^2.1.7",
    "@radix-ui/react-hover-card": "^1.1.7",
    "@radix-ui/react-label": "^2.1.3",
    "@radix-ui/react-menubar": "^1.1.7",
    "@radix-ui/react-navigation-menu": "^1.2.6",
    "@radix-ui/react-popover": "^1.1.7",
    "@radix-ui/react-progress": "^1.1.3",
    "@radix-ui/react-radio-group": "^1.2.4",
    "@radix-ui/react-scroll-area": "^1.2.4",
    "@radix-ui/react-select": "^2.1.7",
    "@radix-ui/react-separator": "^1.1.3",
    "@radix-ui/react-slider": "^1.2.4",
    "@radix-ui/react-slot": "^1.2.0",
    "@radix-ui/react-switch": "^1.1.4",
    "@radix-ui/react-tabs": "^1.1.12",
    "@radix-ui/react-toast": "^1.2.7",
    "@radix-ui/react-toggle": "^1.1.3",
    "@radix-ui/react-toggle-group": "^1.1.3",
    "@radix-ui/react-tooltip": "^1.2.0",
    "@tanstack/react-query": "^5.60.5",
    "class-variance-authority": "^0.7.1",
    "clsx": "^2.1.1",
    "cmdk": "^1.1.1",
    "date-fns": "^3.6.0",
    "drizzle-orm": "^0.39.3",
    "drizzle-zod": "^0.7.1",
    "embla-carousel-react": "^8.6.0",
    "express": "^4.21.2",
    "framer-motion": "^12.0.1",
    "input-otp": "^1.4.1",
    "lucide-react": "^0.468.0",
    "next-themes": "^0.4.4",
    "react": "^18.3.1",
    "react-day-picker": "^8.11.0",
    "react-dom": "^18.3.1",
    "react-hook-form": "^7.55.0",
    "react-icons": "^5.4.0",
    "react-resizable-panels": "^2.1.7",
    "recharts": "^2.15.0",
    "tailwind-merge": "^2.5.5",
    "tailwindcss-animate": "^1.0.7",
    "vaul": "^1.1.4",
    "wouter": "^3.3.7",
    "zod": "^3.24.1"
  },
  "devDependencies": {
    "@tailwindcss/typography": "^0.5.15",
    "@tailwindcss/vite": "^4.0.0-alpha.30",
    "@types/express": "^5.0.0",
    "@types/node": "^22.10.5",
    "@types/react": "^18.3.17",
    "@types/react-dom": "^18.3.5",
    "@vitejs/plugin-react": "^4.3.4",
    "autoprefixer": "^10.4.20",
    "drizzle-kit": "^0.31.4",
    "esbuild": "^0.24.2",
    "postcss": "^8.5.11",
    "tailwindcss": "^3.4.17",
    "tsx": "^4.19.2",
    "typescript": "^5.7.2",
    "vite": "^6.0.7"
  }
}